index,id,img,dname,cost
blink,1,http://cdn.dota2.com/apps/dota2/images/dota_react/items/blink.png?t=1593393829403,Blink Dagger,2250
overwhelming_blink,600,http://cdn.dota2.com/apps/dota2/images/dota_react/items/overwhelming_blink.png?t=1593393829403,Overwhelming Blink,6800
swift_blink,603,http://cdn.dota2.com/apps/dota2/images/dota_react/items/swift_blink.png?t=1593393829403,Swift Blink,6800
arcane_blink,604,http://cdn.dota2.com/apps/dota2/images/dota_react/items/arcane_blink.png?t=1593393829403,Arcane Blink,6800
recipe_arcane_blink,606,http://cdn.dota2.com/apps/dota2/images/dota_react/items/recipe.png?t=1593393829403,Arcane Blink Recipe,1750
recipe_swift_blink,607,http://cdn.dota2.com/apps/dota2/images/dota_react/items/recipe.png?t=1593393829403,Swift Blink Recipe,1750
recipe_overwhelming_blink,608,http://cdn.dota2.com/apps/dota2/images/dota_react/items/recipe.png?t=1593393829403,Overwhelming Blink Recipe,1750
blades_of_attack,2,http://cdn.dota2.com/apps/dota2/images/dota_react/items/blades_of_attack.png?t=1593393829403,Blades of Attack,450
broadsword,3,http://cdn.dota2.com/apps/dota2/images/dota_react/items/broadsword.png?t=1593393829403,Broadsword,1000
chainmail,4,http://cdn.dota2.com/apps/dota2/images/dota_react/items/chainmail.png?t=1593393829403,Chainmail,550
claymore,5,http://cdn.dota2.com/apps/dota2/images/dota_react/items/claymore.png?t=1593393829403,Claymore,1350
helm_of_iron_will,6,http://cdn.dota2.com/apps/dota2/images/dota_react/items/helm_of_iron_will.png?t=1593393829403,Helm of Iron Will,975
javelin,7,http://cdn.dota2.com/apps/dota2/images/dota_react/items/javelin.png?t=1593393829403,Javelin,900
mithril_hammer,8,http://cdn.dota2.com/apps/dota2/images/dota_react/items/mithril_hammer.png?t=1593393829403,Mithril Hammer,1600
platemail,9,http://cdn.dota2.com/apps/dota2/images/dota_react/items/platemail.png?t=1593393829403,Platemail,1400
quarterstaff,10,http://cdn.dota2.com/apps/dota2/images/dota_react/items/quarterstaff.png?t=1593393829403,Quarterstaff,875
quelling_blade,11,http://cdn.dota2.com/apps/dota2/images/dota_react/items/quelling_blade.png?t=1593393829403,Quelling Blade,100
faerie_fire,237,http://cdn.dota2.com/apps/dota2/images/dota_react/items/faerie_fire.png?t=1593393829403,Faerie Fire,65
infused_raindrop,265,http://cdn.dota2.com/apps/dota2/images/dota_react/items/infused_raindrop.png?t=1593393829403,Infused Raindrops,225
wind_lace,244,http://cdn.dota2.com/apps/dota2/images/dota_react/items/wind_lace.png?t=1593393829403,Wind Lace,250
ring_of_protection,12,http://cdn.dota2.com/apps/dota2/images/dota_react/items/ring_of_protection.png?t=1593393829403,Ring of Protection,175
stout_shield,182,http://cdn.dota2.com/apps/dota2/images/dota_react/items/stout_shield.png?t=1593393829403,Stout Shield,100
moon_shard,247,http://cdn.dota2.com/apps/dota2/images/dota_react/items/moon_shard.png?t=1593393829403,Moon Shard,4000
gauntlets,13,http://cdn.dota2.com/apps/dota2/images/dota_react/items/gauntlets.png?t=1593393829403,Gauntlets of Strength,140
slippers,14,http://cdn.dota2.com/apps/dota2/images/dota_react/items/slippers.png?t=1593393829403,Slippers of Agility,140
mantle,15,http://cdn.dota2.com/apps/dota2/images/dota_react/items/mantle.png?t=1593393829403,Mantle of Intelligence,140
branches,16,http://cdn.dota2.com/apps/dota2/images/dota_react/items/branches.png?t=1593393829403,Iron Branch,50
belt_of_strength,17,http://cdn.dota2.com/apps/dota2/images/dota_react/items/belt_of_strength.png?t=1593393829403,Belt of Strength,450
boots_of_elves,18,http://cdn.dota2.com/apps/dota2/images/dota_react/items/boots_of_elves.png?t=1593393829403,Band of Elvenskin,450
robe,19,http://cdn.dota2.com/apps/dota2/images/dota_react/items/robe.png?t=1593393829403,Robe of the Magi,450
circlet,20,http://cdn.dota2.com/apps/dota2/images/dota_react/items/circlet.png?t=1593393829403,Circlet,155
crown,261,http://cdn.dota2.com/apps/dota2/images/dota_react/items/crown.png?t=1593393829403,Crown,450
diadem,1122,http://cdn.dota2.com/apps/dota2/images/dota_react/items/diadem.png?t=1593393829403,Diadem,1000
ogre_axe,21,http://cdn.dota2.com/apps/dota2/images/dota_react/items/ogre_axe.png?t=1593393829403,Ogre Axe,1000
blade_of_alacrity,22,http://cdn.dota2.com/apps/dota2/images/dota_react/items/blade_of_alacrity.png?t=1593393829403,Blade of Alacrity,1000
staff_of_wizardry,23,http://cdn.dota2.com/apps/dota2/images/dota_react/items/staff_of_wizardry.png?t=1593393829403,Staff of Wizardry,1000
ultimate_orb,24,http://cdn.dota2.com/apps/dota2/images/dota_react/items/ultimate_orb.png?t=1593393829403,Ultimate Orb,2800
gloves,25,http://cdn.dota2.com/apps/dota2/images/dota_react/items/gloves.png?t=1593393829403,Gloves of Haste,450
blitz_knuckles,485,http://cdn.dota2.com/apps/dota2/images/dota_react/items/blitz_knuckles.png?t=1593393829403,Blitz Knuckles,1000
lifesteal,26,http://cdn.dota2.com/apps/dota2/images/dota_react/items/lifesteal.png?t=1593393829403,Morbid Mask,900
voodoo_mask,473,http://cdn.dota2.com/apps/dota2/images/dota_react/items/voodoo_mask.png?t=1593393829403,Voodoo Mask,700
ring_of_regen,27,http://cdn.dota2.com/apps/dota2/images/dota_react/items/ring_of_regen.png?t=1593393829403,Ring of Regen,175
sobi_mask,28,http://cdn.dota2.com/apps/dota2/images/dota_react/items/sobi_mask.png?t=1593393829403,Sage's Mask,175
boots,29,http://cdn.dota2.com/apps/dota2/images/dota_react/items/boots.png?t=1593393829403,Boots of Speed,500
gem,30,http://cdn.dota2.com/apps/dota2/images/dota_react/items/gem.png?t=1593393829403,Gem of True Sight,900
cloak,31,http://cdn.dota2.com/apps/dota2/images/dota_react/items/cloak.png?t=1593393829403,Cloak,800
talisman_of_evasion,32,http://cdn.dota2.com/apps/dota2/images/dota_react/items/talisman_of_evasion.png?t=1593393829403,Talisman of Evasion,1300
cheese,33,http://cdn.dota2.com/apps/dota2/images/dota_react/items/cheese.png?t=1593393829403,Cheese,1000
magic_stick,34,http://cdn.dota2.com/apps/dota2/images/dota_react/items/magic_stick.png?t=1593393829403,Magic Stick,200
recipe_magic_wand,35,http://cdn.dota2.com/apps/dota2/images/dota_react/items/recipe.png?t=1593393829403,Magic Wand Recipe,150
magic_wand,36,http://cdn.dota2.com/apps/dota2/images/dota_react/items/magic_wand.png?t=1593393829403,Magic Wand,450
ghost,37,http://cdn.dota2.com/apps/dota2/images/dota_react/items/ghost.png?t=1593393829403,Ghost Scepter,1500
clarity,38,http://cdn.dota2.com/apps/dota2/images/dota_react/items/clarity.png?t=1593393829403,Clarity,50
enchanted_mango,216,http://cdn.dota2.com/apps/dota2/images/dota_react/items/enchanted_mango.png?t=1593393829403,Enchanted Mango,65
famango,4204,http://cdn.dota2.com/apps/dota2/images/dota_react/items/famango.png?t=1593393829403,Healing Lotus,0
great_famango,4205,http://cdn.dota2.com/apps/dota2/images/dota_react/items/great_famango.png?t=1593393829403,Great Healing Lotus,0
greater_famango,4206,http://cdn.dota2.com/apps/dota2/images/dota_react/items/greater_famango.png?t=1593393829403,Greater Healing Lotus,0
blood_grenade,1123,http://cdn.dota2.com/apps/dota2/images/dota_react/items/blood_grenade.png?t=1593393829403,Blood Grenade,50
royale_with_cheese,1154,http://cdn.dota2.com/apps/dota2/images/dota_react/items/royale_with_cheese.png?t=1593393829403,Block of Cheese,2
flask,39,http://cdn.dota2.com/apps/dota2/images/dota_react/items/flask.png?t=1593393829403,Healing Salve,100
dust,40,http://cdn.dota2.com/apps/dota2/images/dota_react/items/dust.png?t=1593393829403,Dust of Appearance,80
bottle,41,http://cdn.dota2.com/apps/dota2/images/dota_react/items/bottle.png?t=1593393829403,Bottle,675
ward_observer,42,http://cdn.dota2.com/apps/dota2/images/dota_react/items/ward_observer.png?t=1593393829403,Observer Ward,0
ward_sentry,43,http://cdn.dota2.com/apps/dota2/images/dota_react/items/ward_sentry.png?t=1593393829403,Sentry Ward,50
ward_dispenser,218,http://cdn.dota2.com/apps/dota2/images/dota_react/items/ward_dispenser.png?t=1593393829403,Observer and Sentry Wards,50
tango,44,http://cdn.dota2.com/apps/dota2/images/dota_react/items/tango.png?t=1593393829403,Tango,90
tango_single,241,http://cdn.dota2.com/apps/dota2/images/dota_react/items/tango_single.png?t=1593393829403,Tango (Shared),30
courier,45,http://cdn.dota2.com/apps/dota2/images/dota_react/items/courier.png?t=1593393829403,Animal Courier,50
flying_courier,286,http://cdn.dota2.com/apps/dota2/images/dota_react/items/flying_courier.png?t=1593393829403,Flying Courier,100
tpscroll,46,http://cdn.dota2.com/apps/dota2/images/dota_react/items/tpscroll.png?t=1593393829403,Town Portal Scroll,100
recipe_travel_boots,47,http://cdn.dota2.com/apps/dota2/images/dota_react/items/recipe.png?t=1593393829403,Boots of Travel Recipe,2000
travel_boots,48,http://cdn.dota2.com/apps/dota2/images/dota_react/items/travel_boots.png?t=1593393829403,Boots of Travel,2500
travel_boots_2,220,http://cdn.dota2.com/apps/dota2/images/dota_react/items/travel_boots_2.png?t=1593393829403,Boots of Travel 2,4500
phase_boots,50,http://cdn.dota2.com/apps/dota2/images/dota_react/items/phase_boots.png?t=1593393829403,Phase Boots,1500
demon_edge,51,http://cdn.dota2.com/apps/dota2/images/dota_react/items/demon_edge.png?t=1593393829403,Demon Edge,2200
eagle,52,http://cdn.dota2.com/apps/dota2/images/dota_react/items/eagle.png?t=1593393829403,Eaglesong,2800
reaver,53,http://cdn.dota2.com/apps/dota2/images/dota_react/items/reaver.png?t=1593393829403,Reaver,2800
relic,54,http://cdn.dota2.com/apps/dota2/images/dota_react/items/relic.png?t=1593393829403,Sacred Relic,3400
hyperstone,55,http://cdn.dota2.com/apps/dota2/images/dota_react/items/hyperstone.png?t=1593393829403,Hyperstone,2000
ring_of_health,56,http://cdn.dota2.com/apps/dota2/images/dota_react/items/ring_of_health.png?t=1593393829403,Ring of Health,700
ring_of_tarrasque,279,http://cdn.dota2.com/apps/dota2/images/dota_react/items/ring_of_tarrasque.png?t=1593393829403,Ring of Tarrasque,1800
void_stone,57,http://cdn.dota2.com/apps/dota2/images/dota_react/items/void_stone.png?t=1593393829403,Void Stone,700
tiara_of_selemene,1802,http://cdn.dota2.com/apps/dota2/images/dota_react/items/tiara_of_selemene.png?t=1593393829403,Tiara of Selemene,1800
mystic_staff,58,http://cdn.dota2.com/apps/dota2/images/dota_react/items/mystic_staff.png?t=1593393829403,Mystic Staff,2800
energy_booster,59,http://cdn.dota2.com/apps/dota2/images/dota_react/items/energy_booster.png?t=1593393829403,Energy Booster,800
point_booster,60,http://cdn.dota2.com/apps/dota2/images/dota_react/items/point_booster.png?t=1593393829403,Point Booster,1200
vitality_booster,61,http://cdn.dota2.com/apps/dota2/images/dota_react/items/vitality_booster.png?t=1593393829403,Vitality Booster,1000
fluffy_hat,593,http://cdn.dota2.com/apps/dota2/images/dota_react/items/fluffy_hat.png?t=1593393829403,Fluffy Hat,250
power_treads,63,http://cdn.dota2.com/apps/dota2/images/dota_react/items/power_treads.png?t=1593393829403,Power Treads,1400
recipe_samurai_tabi,1098,http://cdn.dota2.com/apps/dota2/images/dota_react/items/recipe.png?t=1593393829403,Samurai Tabi Recipe,1100
samurai_tabi,1091,http://cdn.dota2.com/apps/dota2/images/dota_react/items/samurai_tabi.png?t=1593393829403,Samurai Tabi,5250
recipe_hermes_sandals,1092,http://cdn.dota2.com/apps/dota2/images/dota_react/items/recipe.png?t=1593393829403,Hermes Sandals Recipe,500
hermes_sandals,1093,http://cdn.dota2.com/apps/dota2/images/dota_react/items/hermes_sandals.png?t=1593393829403,Hermes Sandals,4800
recipe_witches_switch,1099,http://cdn.dota2.com/apps/dota2/images/dota_react/items/recipe.png?t=1593393829403,Witches Switch Recipe,625
witches_switch,1100,http://cdn.dota2.com/apps/dota2/images/dota_react/items/witches_switch.png?t=1593393829403,Witches Switch,1900
recipe_lunar_crest,1094,http://cdn.dota2.com/apps/dota2/images/dota_react/items/recipe.png?t=1593393829403,Lunar Crest Recipe,250
lunar_crest,1095,http://cdn.dota2.com/apps/dota2/images/dota_react/items/lunar_crest.png?t=1593393829403,Lunar Crest,2300
recipe_phylactery,1106,http://cdn.dota2.com/apps/dota2/images/dota_react/items/recipe.png?t=1593393829403,Phylactery Recipe,200
phylactery,1107,http://cdn.dota2.com/apps/dota2/images/dota_react/items/phylactery.png?t=1593393829403,Phylactery,2400
recipe_angels_demise,1807,http://cdn.dota2.com/apps/dota2/images/dota_react/items/recipe.png?t=1593393829403,Khanda Recipe,600
angels_demise,1808,http://cdn.dota2.com/apps/dota2/images/dota_react/items/angels_demise.png?t=1593393829403,Khanda,5000
grandmasters_glaive,655,http://cdn.dota2.com/apps/dota2/images/dota_react/items/grandmasters_glaive.png?t=1593393829403,Grandmaster's Glaive,5000
recipe_hand_of_midas,64,http://cdn.dota2.com/apps/dota2/images/dota_react/items/recipe.png?t=1593393829403,Hand of Midas Recipe,1750
hand_of_midas,65,http://cdn.dota2.com/apps/dota2/images/dota_react/items/hand_of_midas.png?t=1593393829403,Hand of Midas,2200
aetherial_halo,1164,http://cdn.dota2.com/apps/dota2/images/dota_react/items/aetherial_halo.png?t=1593393829403,Aetherial Hammer,5900
oblivion_staff,67,http://cdn.dota2.com/apps/dota2/images/dota_react/items/oblivion_staff.png?t=1593393829403,Oblivion Staff,1625
recipe_witch_blade,533,http://cdn.dota2.com/apps/dota2/images/dota_react/items/recipe.png?t=1593393829403,Witch Blade Recipe,600
witch_blade,534,http://cdn.dota2.com/apps/dota2/images/dota_react/items/witch_blade.png?t=1593393829403,Witch Blade,2775
pers,69,http://cdn.dota2.com/apps/dota2/images/dota_react/items/pers.png?t=1593393829403,Perseverance,1400
cornucopia,1125,http://cdn.dota2.com/apps/dota2/images/dota_react/items/cornucopia.png?t=1593393829403,Cornucopia,1200
poor_mans_shield,71,http://cdn.dota2.com/apps/dota2/images/dota_react/items/poor_mans_shield.png?t=1593393829403,Poor Man's Shield,0
satchel,731,http://cdn.dota2.com/apps/dota2/images/dota_react/items/satchel.png?t=1593393829403,Satchel,0
recipe_bracer,72,http://cdn.dota2.com/apps/dota2/images/dota_react/items/recipe.png?t=1593393829403,Bracer Recipe,210
bracer,73,http://cdn.dota2.com/apps/dota2/images/dota_react/items/bracer.png?t=1593393829403,Bracer,505
recipe_wraith_band,74,http://cdn.dota2.com/apps/dota2/images/dota_react/items/recipe.png?t=1593393829403,Wraith Band Recipe,210
wraith_band,75,http://cdn.dota2.com/apps/dota2/images/dota_react/items/wraith_band.png?t=1593393829403,Wraith Band,505
recipe_null_talisman,76,http://cdn.dota2.com/apps/dota2/images/dota_react/items/recipe.png?t=1593393829403,Null Talisman Recipe,210
null_talisman,77,http://cdn.dota2.com/apps/dota2/images/dota_react/items/null_talisman.png?t=1593393829403,Null Talisman,505
recipe_mekansm,78,http://cdn.dota2.com/apps/dota2/images/dota_react/items/recipe.png?t=1593393829403,Mekansm Recipe,800
mekansm,79,http://cdn.dota2.com/apps/dota2/images/dota_react/items/mekansm.png?t=1593393829403,Mekansm,1775
vladmir,81,http://cdn.dota2.com/apps/dota2/images/dota_react/items/vladmir.png?t=1593393829403,Vladmir's Offering,2200
recipe_wraith_pact,907,http://cdn.dota2.com/apps/dota2/images/dota_react/items/recipe.png?t=1593393829403,Wraith Pact Recipe,400
wraith_pact,908,http://cdn.dota2.com/apps/dota2/images/dota_react/items/wraith_pact.png?t=1593393829403,Wraith Pact,3800
recipe_buckler,85,http://cdn.dota2.com/apps/dota2/images/dota_react/items/recipe.png?t=1593393829403,Buckler Recipe,250
buckler,86,http://cdn.dota2.com/apps/dota2/images/dota_react/items/buckler.png?t=1593393829403,Buckler,425
recipe_ring_of_basilius,87,http://cdn.dota2.com/apps/dota2/images/dota_react/items/recipe.png?t=1593393829403,Ring of Basilius Recipe,250
ring_of_basilius,88,http://cdn.dota2.com/apps/dota2/images/dota_react/items/ring_of_basilius.png?t=1593393829403,Ring of Basilius,425
recipe_holy_locket,268,http://cdn.dota2.com/apps/dota2/images/dota_react/items/recipe.png?t=1593393829403,Holy Locket Recipe,900
holy_locket,269,http://cdn.dota2.com/apps/dota2/images/dota_react/items/holy_locket.png?t=1593393829403,Holy Locket,2350
recipe_pipe,89,http://cdn.dota2.com/apps/dota2/images/dota_react/items/recipe.png?t=1593393829403,Pipe of Insight Recipe,700
pipe,90,http://cdn.dota2.com/apps/dota2/images/dota_react/items/pipe.png?t=1593393829403,Pipe of Insight,3725
recipe_urn_of_shadows,91,http://cdn.dota2.com/apps/dota2/images/dota_react/items/recipe.png?t=1593393829403,Urn of Shadows Recipe,375
urn_of_shadows,92,http://cdn.dota2.com/apps/dota2/images/dota_react/items/urn_of_shadows.png?t=1593393829403,Urn of Shadows,880
recipe_headdress,93,http://cdn.dota2.com/apps/dota2/images/dota_react/items/recipe.png?t=1593393829403,Headdress Recipe,250
headdress,94,http://cdn.dota2.com/apps/dota2/images/dota_react/items/headdress.png?t=1593393829403,Headdress,425
recipe_sheepstick,95,http://cdn.dota2.com/apps/dota2/images/dota_react/items/recipe.png?t=1593393829403,Scythe of Vyse Recipe,600
sheepstick,96,http://cdn.dota2.com/apps/dota2/images/dota_react/items/sheepstick.png?t=1593393829403,Scythe of Vyse,5200
caster_rapier,1801,http://cdn.dota2.com/apps/dota2/images/dota_react/items/caster_rapier.png?t=1593393829403,Caster Rapier,5600
recipe_orchid,97,http://cdn.dota2.com/apps/dota2/images/dota_react/items/recipe.png?t=1593393829403,Orchid Malevolence Recipe,650
orchid,98,http://cdn.dota2.com/apps/dota2/images/dota_react/items/orchid.png?t=1593393829403,Orchid Malevolence,3475
recipe_bloodthorn,245,http://cdn.dota2.com/apps/dota2/images/dota_react/items/recipe.png?t=1593393829403,Bloodthorn Recipe,450
bloodthorn,250,http://cdn.dota2.com/apps/dota2/images/dota_react/items/bloodthorn.png?t=1593393829403,Bloodthorn,6825
echo_sabre,252,http://cdn.dota2.com/apps/dota2/images/dota_react/items/echo_sabre.png?t=1593393829403,Echo Sabre,2700
recipe_cyclone,99,http://cdn.dota2.com/apps/dota2/images/dota_react/items/recipe.png?t=1593393829403,Eul's Scepter Recipe,675
cyclone,100,http://cdn.dota2.com/apps/dota2/images/dota_react/items/cyclone.png?t=1593393829403,Eul's Scepter of Divinity,2625
recipe_wind_waker,612,http://cdn.dota2.com/apps/dota2/images/dota_react/items/recipe.png?t=1593393829403,Wind Waker Recipe,1400
wind_waker,610,http://cdn.dota2.com/apps/dota2/images/dota_react/items/wind_waker.png?t=1593393829403,Wind Waker,6825
recipe_aether_lens,233,http://cdn.dota2.com/apps/dota2/images/dota_react/items/recipe.png?t=1593393829403,Aether Lens Recipe,775
aether_lens,232,http://cdn.dota2.com/apps/dota2/images/dota_react/items/aether_lens.png?t=1593393829403,Aether Lens,2275
recipe_force_staff,101,http://cdn.dota2.com/apps/dota2/images/dota_react/items/recipe.png?t=1593393829403,Force Staff Recipe,950
force_staff,102,http://cdn.dota2.com/apps/dota2/images/dota_react/items/force_staff.png?t=1593393829403,Force Staff,2200
recipe_hurricane_pike,262,http://cdn.dota2.com/apps/dota2/images/dota_react/items/recipe.png?t=1593393829403,Hurricane Pike Recipe,350
hurricane_pike,263,http://cdn.dota2.com/apps/dota2/images/dota_react/items/hurricane_pike.png?t=1593393829403,Hurricane Pike,4450
recipe_dagon,103,http://cdn.dota2.com/apps/dota2/images/dota_react/items/recipe.png?t=1593393829403,Dagon Recipe,1150
dagon,104,http://cdn.dota2.com/apps/dota2/images/dota_react/items/dagon.png?t=1593393829403,Dagon,2850
dagon_2,201,http://cdn.dota2.com/apps/dota2/images/dota_react/items/dagon_2.png?t=1593393829403,Dagon,4000
dagon_3,202,http://cdn.dota2.com/apps/dota2/images/dota_react/items/dagon_3.png?t=1593393829403,Dagon,5150
dagon_4,203,http://cdn.dota2.com/apps/dota2/images/dota_react/items/dagon_4.png?t=1593393829403,Dagon,6300
dagon_5,204,http://cdn.dota2.com/apps/dota2/images/dota_react/items/dagon_5.png?t=1593393829403,Dagon,7450
recipe_necronomicon,105,http://cdn.dota2.com/apps/dota2/images/dota_react/items/recipe.png?t=1593393829403,Necronomicon Recipe,1250
necronomicon,106,http://cdn.dota2.com/apps/dota2/images/dota_react/items/necronomicon.png?t=1593393829403,Necronomicon,2050
necronomicon_2,193,http://cdn.dota2.com/apps/dota2/images/dota_react/items/necronomicon_2.png?t=1593393829403,Necronomicon,3300
necronomicon_3,194,http://cdn.dota2.com/apps/dota2/images/dota_react/items/necronomicon_3.png?t=1593393829403,Necronomicon,4550
ultimate_scepter,108,http://cdn.dota2.com/apps/dota2/images/dota_react/items/ultimate_scepter.png?t=1593393829403,Aghanim's Scepter,4200
recipe_ultimate_scepter_2,270,http://cdn.dota2.com/apps/dota2/images/dota_react/items/recipe.png?t=1593393829403,Aghanim's Blessing Recipe,1600
ultimate_scepter_2,271,http://cdn.dota2.com/apps/dota2/images/dota_react/items/ultimate_scepter_2.png?t=1593393829403,Aghanim's Blessing,5800
ultimate_scepter_roshan,727,http://cdn.dota2.com/apps/dota2/images/dota_react/items/ultimate_scepter_roshan.png?t=1593393829403,Aghanim's Blessing - Roshan,5800
aghanims_shard,609,http://cdn.dota2.com/apps/dota2/images/dota_react/items/aghanims_shard.png?t=1593393829403,Aghanim's Shard,1400
aghanims_shard_roshan,725,http://cdn.dota2.com/apps/dota2/images/dota_react/items/aghanims_shard_roshan.png?t=1593393829403,Aghanim's Shard - Consumable,1400
recipe_refresher,109,http://cdn.dota2.com/apps/dota2/images/dota_react/items/recipe.png?t=1593393829403,Refresher Orb Recipe,200
refresher,110,http://cdn.dota2.com/apps/dota2/images/dota_react/items/refresher.png?t=1593393829403,Refresher Orb,5000
recipe_assault,111,http://cdn.dota2.com/apps/dota2/images/dota_react/items/recipe.png?t=1593393829403,Assault Cuirass Recipe,1300
assault,112,http://cdn.dota2.com/apps/dota2/images/dota_react/items/assault.png?t=1593393829403,Assault Cuirass,5125
recipe_heart,113,http://cdn.dota2.com/apps/dota2/images/dota_react/items/recipe.png?t=1593393829403,Heart of Tarrasque Recipe,600
heart,114,http://cdn.dota2.com/apps/dota2/images/dota_react/items/heart.png?t=1593393829403,Heart of Tarrasque,5200
recipe_black_king_bar,115,http://cdn.dota2.com/apps/dota2/images/dota_react/items/recipe.png?t=1593393829403,Black King Bar Recipe,1450
black_king_bar,116,http://cdn.dota2.com/apps/dota2/images/dota_react/items/black_king_bar.png?t=1593393829403,Black King Bar,4050
aegis,117,http://cdn.dota2.com/apps/dota2/images/dota_react/items/aegis.png?t=1593393829403,Aegis of the Immortal,0
recipe_shivas_guard,118,http://cdn.dota2.com/apps/dota2/images/dota_react/items/recipe.png?t=1593393829403,Shiva's Guard Recipe,1700
shivas_guard,119,http://cdn.dota2.com/apps/dota2/images/dota_react/items/shivas_guard.png?t=1593393829403,Shiva's Guard,4825
recipe_bloodstone,120,http://cdn.dota2.com/apps/dota2/images/dota_react/items/recipe.png?t=1593393829403,Bloodstone Recipe,700
bloodstone,121,http://cdn.dota2.com/apps/dota2/images/dota_react/items/bloodstone.png?t=1593393829403,Bloodstone,4400
recipe_sphere,122,http://cdn.dota2.com/apps/dota2/images/dota_react/items/recipe.png?t=1593393829403,Linken's Sphere Recipe,600
sphere,123,http://cdn.dota2.com/apps/dota2/images/dota_react/items/sphere.png?t=1593393829403,Linken's Sphere,4800
recipe_lotus_orb,221,http://cdn.dota2.com/apps/dota2/images/dota_react/items/recipe.png?t=1593393829403,Lotus Orb Recipe,250
lotus_orb,226,http://cdn.dota2.com/apps/dota2/images/dota_react/items/lotus_orb.png?t=1593393829403,Lotus Orb,3850
recipe_meteor_hammer,222,http://cdn.dota2.com/apps/dota2/images/dota_react/items/recipe.png?t=1593393829403,Meteor Hammer Recipe,600
meteor_hammer,223,http://cdn.dota2.com/apps/dota2/images/dota_react/items/meteor_hammer.png?t=1593393829403,Meteor Hammer,3100
nullifier,225,http://cdn.dota2.com/apps/dota2/images/dota_react/items/nullifier.png?t=1593393829403,Nullifier,4375
recipe_aeon_disk,255,http://cdn.dota2.com/apps/dota2/images/dota_react/items/recipe.png?t=1593393829403,Aeon Disk Recipe,1200
aeon_disk,256,http://cdn.dota2.com/apps/dota2/images/dota_react/items/aeon_disk.png?t=1593393829403,Aeon Disk,3000
recipe_kaya,258,http://cdn.dota2.com/apps/dota2/images/dota_react/items/recipe.png?t=1593393829403,Kaya Recipe,600
kaya,259,http://cdn.dota2.com/apps/dota2/images/dota_react/items/kaya.png?t=1593393829403,Kaya,2050
trident,369,http://cdn.dota2.com/apps/dota2/images/dota_react/items/trident.png?t=1593393829403,Trident,0
combo_breaker,276,http://cdn.dota2.com/apps/dota2/images/dota_react/items/combo_breaker.png?t=1593393829403,,0
refresher_shard,260,http://cdn.dota2.com/apps/dota2/images/dota_react/items/refresher_shard.png?t=1593393829403,Refresher Shard,1000
recipe_spirit_vessel,266,http://cdn.dota2.com/apps/dota2/images/dota_react/items/recipe.png?t=1593393829403,Spirit Vessel Recipe,1200
spirit_vessel,267,http://cdn.dota2.com/apps/dota2/images/dota_react/items/spirit_vessel.png?t=1593393829403,Spirit Vessel,2780
vanguard,125,http://cdn.dota2.com/apps/dota2/images/dota_react/items/vanguard.png?t=1593393829403,Vanguard,1700
recipe_crimson_guard,243,http://cdn.dota2.com/apps/dota2/images/dota_react/items/recipe.png?t=1593393829403,Crimson Guard Recipe,1050
crimson_guard,242,http://cdn.dota2.com/apps/dota2/images/dota_react/items/crimson_guard.png?t=1593393829403,Crimson Guard,3725
recipe_blade_mail,126,http://cdn.dota2.com/apps/dota2/images/dota_react/items/recipe.png?t=1593393829403,Blade Mail Recipe,550
blade_mail,127,http://cdn.dota2.com/apps/dota2/images/dota_react/items/blade_mail.png?t=1593393829403,Blade Mail,2100
soul_booster,129,http://cdn.dota2.com/apps/dota2/images/dota_react/items/soul_booster.png?t=1593393829403,Soul Booster,3000
hood_of_defiance,131,http://cdn.dota2.com/apps/dota2/images/dota_react/items/hood_of_defiance.png?t=1593393829403,Hood of Defiance,0
recipe_eternal_shroud,691,http://cdn.dota2.com/apps/dota2/images/dota_react/items/recipe.png?t=1593393829403,Eternal Shroud Recipe,800
eternal_shroud,692,http://cdn.dota2.com/apps/dota2/images/dota_react/items/eternal_shroud.png?t=1593393829403,Eternal Shroud,3600
rapier,133,http://cdn.dota2.com/apps/dota2/images/dota_react/items/rapier.png?t=1593393829403,Divine Rapier,5600
recipe_monkey_king_bar,134,http://cdn.dota2.com/apps/dota2/images/dota_react/items/recipe.png?t=1593393829403,Monkey King Bar Recipe,800
monkey_king_bar,135,http://cdn.dota2.com/apps/dota2/images/dota_react/items/monkey_king_bar.png?t=1593393829403,Monkey King Bar,4900
radiance,137,http://cdn.dota2.com/apps/dota2/images/dota_react/items/radiance.png?t=1593393829403,Radiance,4700
butterfly,139,http://cdn.dota2.com/apps/dota2/images/dota_react/items/butterfly.png?t=1593393829403,Butterfly,5450
recipe_greater_crit,140,http://cdn.dota2.com/apps/dota2/images/dota_react/items/recipe.png?t=1593393829403,Daedalus Recipe,900
greater_crit,141,http://cdn.dota2.com/apps/dota2/images/dota_react/items/greater_crit.png?t=1593393829403,Daedalus,5100
recipe_basher,142,http://cdn.dota2.com/apps/dota2/images/dota_react/items/recipe.png?t=1593393829403,Skull Basher Recipe,825
basher,143,http://cdn.dota2.com/apps/dota2/images/dota_react/items/basher.png?t=1593393829403,Skull Basher,2875
recipe_bfury,144,http://cdn.dota2.com/apps/dota2/images/dota_react/items/recipe.png?t=1593393829403,Battle Fury Recipe,450
bfury,145,http://cdn.dota2.com/apps/dota2/images/dota_react/items/bfury.png?t=1593393829403,Battle Fury,4100
recipe_manta,146,http://cdn.dota2.com/apps/dota2/images/dota_react/items/recipe.png?t=1593393829403,Manta Style Recipe,1550
manta,147,http://cdn.dota2.com/apps/dota2/images/dota_react/items/manta.png?t=1593393829403,Manta Style,4600
recipe_lesser_crit,148,http://cdn.dota2.com/apps/dota2/images/dota_react/items/recipe.png?t=1593393829403,Crystalys Recipe,200
lesser_crit,149,http://cdn.dota2.com/apps/dota2/images/dota_react/items/lesser_crit.png?t=1593393829403,Crystalys,2000
recipe_dragon_lance,234,http://cdn.dota2.com/apps/dota2/images/dota_react/items/recipe.png?t=1593393829403,Dragon Lance Recipe,450
dragon_lance,236,http://cdn.dota2.com/apps/dota2/images/dota_react/items/dragon_lance.png?t=1593393829403,Dragon Lance,1900
recipe_armlet,150,http://cdn.dota2.com/apps/dota2/images/dota_react/items/recipe.png?t=1593393829403,Armlet of Mordiggian Recipe,625
armlet,151,http://cdn.dota2.com/apps/dota2/images/dota_react/items/armlet.png?t=1593393829403,Armlet of Mordiggian,2500
invis_sword,152,http://cdn.dota2.com/apps/dota2/images/dota_react/items/invis_sword.png?t=1593393829403,Shadow Blade,3000
recipe_silver_edge,248,http://cdn.dota2.com/apps/dota2/images/dota_react/items/recipe.png?t=1593393829403,Silver Edge Recipe,250
silver_edge,249,http://cdn.dota2.com/apps/dota2/images/dota_react/items/silver_edge.png?t=1593393829403,Silver Edge,5450
sange_and_yasha,154,http://cdn.dota2.com/apps/dota2/images/dota_react/items/sange_and_yasha.png?t=1593393829403,Sange and Yasha,4100
kaya_and_sange,273,http://cdn.dota2.com/apps/dota2/images/dota_react/items/kaya_and_sange.png?t=1593393829403,Kaya and Sange,4100
yasha_and_kaya,277,http://cdn.dota2.com/apps/dota2/images/dota_react/items/yasha_and_kaya.png?t=1593393829403,Yasha and Kaya,4100
satanic,156,http://cdn.dota2.com/apps/dota2/images/dota_react/items/satanic.png?t=1593393829403,Satanic,5050
recipe_mjollnir,157,http://cdn.dota2.com/apps/dota2/images/dota_react/items/recipe.png?t=1593393829403,Mjollnir Recipe,550
mjollnir,158,http://cdn.dota2.com/apps/dota2/images/dota_react/items/mjollnir.png?t=1593393829403,Mjollnir,5500
recipe_skadi,159,http://cdn.dota2.com/apps/dota2/images/dota_react/items/recipe.png?t=1593393829403,Eye of Skadi Recipe,1300
skadi,160,http://cdn.dota2.com/apps/dota2/images/dota_react/items/skadi.png?t=1593393829403,Eye of Skadi,5300
recipe_sange,161,http://cdn.dota2.com/apps/dota2/images/dota_react/items/recipe.png?t=1593393829403,Sange Recipe,600
sange,162,http://cdn.dota2.com/apps/dota2/images/dota_react/items/sange.png?t=1593393829403,Sange,2050
recipe_helm_of_the_dominator,163,http://cdn.dota2.com/apps/dota2/images/dota_react/items/recipe.png?t=1593393829403,Helm of the Dominator Recipe,650
helm_of_the_dominator,164,http://cdn.dota2.com/apps/dota2/images/dota_react/items/helm_of_the_dominator.png?t=1593393829403,Helm of the Dominator,2625
recipe_helm_of_the_overlord,633,http://cdn.dota2.com/apps/dota2/images/dota_react/items/recipe.png?t=1593393829403,Helm of the Overlord Recipe,775
helm_of_the_overlord,635,http://cdn.dota2.com/apps/dota2/images/dota_react/items/helm_of_the_overlord.png?t=1593393829403,Helm of the Overlord,6200
maelstrom,166,http://cdn.dota2.com/apps/dota2/images/dota_react/items/maelstrom.png?t=1593393829403,Maelstrom,2950
recipe_gungir,1565,http://cdn.dota2.com/apps/dota2/images/dota_react/items/recipe.png?t=1593393829403,Gleipnir Recipe,450
gungir,1466,http://cdn.dota2.com/apps/dota2/images/dota_react/items/gungir.png?t=1593393829403,Gleipnir,5650
desolator,168,http://cdn.dota2.com/apps/dota2/images/dota_react/items/desolator.png?t=1593393829403,Desolator,3500
recipe_yasha,169,http://cdn.dota2.com/apps/dota2/images/dota_react/items/recipe.png?t=1593393829403,Yasha Recipe,600
yasha,170,http://cdn.dota2.com/apps/dota2/images/dota_react/items/yasha.png?t=1593393829403,Yasha,2050
mask_of_madness,172,http://cdn.dota2.com/apps/dota2/images/dota_react/items/mask_of_madness.png?t=1593393829403,Mask of Madness,1900
recipe_diffusal_blade,173,http://cdn.dota2.com/apps/dota2/images/dota_react/items/recipe.png?t=1593393829403,Diffusal Blade Recipe,1050
diffusal_blade,174,http://cdn.dota2.com/apps/dota2/images/dota_react/items/diffusal_blade.png?t=1593393829403,Diffusal Blade,2500
recipe_disperser,1096,http://cdn.dota2.com/apps/dota2/images/dota_react/items/recipe.png?t=1593393829403,Disperser Recipe,400
disperser,1097,http://cdn.dota2.com/apps/dota2/images/dota_react/items/disperser.png?t=1593393829403,Disperser,5700
recipe_ethereal_blade,175,http://cdn.dota2.com/apps/dota2/images/dota_react/items/recipe.png?t=1593393829403,Ethereal Blade Recipe,1600
ethereal_blade,176,http://cdn.dota2.com/apps/dota2/images/dota_react/items/ethereal_blade.png?t=1593393829403,Ethereal Blade,5375
recipe_soul_ring,177,http://cdn.dota2.com/apps/dota2/images/dota_react/items/recipe.png?t=1593393829403,Soul Ring Recipe,350
soul_ring,178,http://cdn.dota2.com/apps/dota2/images/dota_react/items/soul_ring.png?t=1593393829403,Soul Ring,805
recipe_arcane_boots,179,http://cdn.dota2.com/apps/dota2/images/dota_react/items/recipe.png?t=1593393829403,Arcane Boots Recipe,375
arcane_boots,180,http://cdn.dota2.com/apps/dota2/images/dota_react/items/arcane_boots.png?t=1593393829403,Arcane Boots,1300
octarine_core,235,http://cdn.dota2.com/apps/dota2/images/dota_react/items/octarine_core.png?t=1593393829403,Octarine Core,4800
orb_of_venom,181,http://cdn.dota2.com/apps/dota2/images/dota_react/items/orb_of_venom.png?t=1593393829403,Orb of Venom,275
blight_stone,240,http://cdn.dota2.com/apps/dota2/images/dota_react/items/blight_stone.png?t=1593393829403,Blight Stone,300
orb_of_corrosion,569,http://cdn.dota2.com/apps/dota2/images/dota_react/items/orb_of_corrosion.png?t=1593393829403,Orb of Corrosion,900
recipe_falcon_blade,599,http://cdn.dota2.com/apps/dota2/images/dota_react/items/recipe.png?t=1593393829403,Falcon Blade Recipe,250
falcon_blade,596,http://cdn.dota2.com/apps/dota2/images/dota_react/items/falcon_blade.png?t=1593393829403,Falcon Blade,1125
recipe_mage_slayer,597,http://cdn.dota2.com/apps/dota2/images/dota_react/items/recipe.png?t=1593393829403,Mage Slayer Recipe,200
mage_slayer,598,http://cdn.dota2.com/apps/dota2/images/dota_react/items/mage_slayer.png?t=1593393829403,Mage Slayer,2625
recipe_ancient_janggo,184,http://cdn.dota2.com/apps/dota2/images/dota_react/items/recipe.png?t=1593393829403,Drum of Endurance Recipe,500
ancient_janggo,185,http://cdn.dota2.com/apps/dota2/images/dota_react/items/ancient_janggo.png?t=1593393829403,Drum of Endurance,1650
recipe_boots_of_bearing,930,http://cdn.dota2.com/apps/dota2/images/dota_react/items/recipe.png?t=1593393829403,Boots of Bearing Recipe,1700
boots_of_bearing,931,http://cdn.dota2.com/apps/dota2/images/dota_react/items/boots_of_bearing.png?t=1593393829403,Boots of Bearing,4275
medallion_of_courage,187,http://cdn.dota2.com/apps/dota2/images/dota_react/items/medallion_of_courage.png?t=1593393829403,Medallion of Courage,1025
recipe_solar_crest,227,http://cdn.dota2.com/apps/dota2/images/dota_react/items/recipe.png?t=1593393829403,Solar Crest Recipe,600
solar_crest,229,http://cdn.dota2.com/apps/dota2/images/dota_react/items/solar_crest.png?t=1593393829403,Solar Crest,2700
recipe_pavise,1127,http://cdn.dota2.com/apps/dota2/images/dota_react/items/recipe.png?t=1593393829403,Pavise Recipe,175
pavise,1128,http://cdn.dota2.com/apps/dota2/images/dota_react/items/pavise.png?t=1593393829403,Pavise,1400
smoke_of_deceit,188,http://cdn.dota2.com/apps/dota2/images/dota_react/items/smoke_of_deceit.png?t=1593393829403,Smoke of Deceit,50
tome_of_knowledge,257,http://cdn.dota2.com/apps/dota2/images/dota_react/items/tome_of_knowledge.png?t=1593393829403,Tome of Knowledge,75
recipe_veil_of_discord,189,http://cdn.dota2.com/apps/dota2/images/dota_react/items/recipe.png?t=1593393829403,Veil of Discord Recipe,300
veil_of_discord,190,http://cdn.dota2.com/apps/dota2/images/dota_react/items/veil_of_discord.png?t=1593393829403,Veil of Discord,1725
recipe_revenants_brooch,910,http://cdn.dota2.com/apps/dota2/images/dota_react/items/recipe.png?t=1593393829403,Revenant's Brooch Recipe,800
revenants_brooch,911,http://cdn.dota2.com/apps/dota2/images/dota_react/items/revenants_brooch.png?t=1593393829403,Revenant's Brooch,4900
devastator,1806,http://cdn.dota2.com/apps/dota2/images/dota_react/items/devastator.png?t=1593393829403,Parasma,5575
recipe_guardian_greaves,230,http://cdn.dota2.com/apps/dota2/images/dota_react/items/recipe.png?t=1593393829403,Guardian Greaves Recipe,1450
guardian_greaves,231,http://cdn.dota2.com/apps/dota2/images/dota_react/items/guardian_greaves.png?t=1593393829403,Guardian Greaves,4950
recipe_rod_of_atos,205,http://cdn.dota2.com/apps/dota2/images/dota_react/items/recipe.png?t=1593393829403,Rod of Atos Recipe,250
rod_of_atos,206,http://cdn.dota2.com/apps/dota2/images/dota_react/items/rod_of_atos.png?t=1593393829403,Rod of Atos,2250
recipe_iron_talon,238,http://cdn.dota2.com/apps/dota2/images/dota_react/items/recipe.png?3,Iron Talon Recipe,125
iron_talon,239,http://cdn.dota2.com/apps/dota2/images/dota_react/items/iron_talon.png?t=1593393829403,Iron Talon,0
recipe_abyssal_blade,207,http://cdn.dota2.com/apps/dota2/images/dota_react/items/recipe.png?t=1593393829403,Abyssal Blade Recipe,1675
abyssal_blade,208,http://cdn.dota2.com/apps/dota2/images/dota_react/items/abyssal_blade.png?t=1593393829403,Abyssal Blade,6250
recipe_heavens_halberd,209,http://cdn.dota2.com/apps/dota2/images/dota_react/items/recipe.png?t=1593393829403,Heaven's Halberd Recipe,200
heavens_halberd,210,http://cdn.dota2.com/apps/dota2/images/dota_react/items/heavens_halberd.png?t=1593393829403,Heaven's Halberd,3550
ring_of_aquila,212,http://cdn.dota2.com/apps/dota2/images/dota_react/items/ring_of_aquila.png?t=1593393829403,Ring of Aquila,0
tranquil_boots,214,http://cdn.dota2.com/apps/dota2/images/dota_react/items/tranquil_boots.png?t=1593393829403,Tranquil Boots,925
shadow_amulet,215,http://cdn.dota2.com/apps/dota2/images/dota_react/items/shadow_amulet.png?t=1593393829403,Shadow Amulet,1000
recipe_glimmer_cape,253,http://cdn.dota2.com/apps/dota2/images/dota_react/items/recipe.png?t=1593393829403,Glimmer Cape Recipe,350
glimmer_cape,254,http://cdn.dota2.com/apps/dota2/images/dota_react/items/glimmer_cape.png?t=1593393829403,Glimmer Cape,2150
river_painter,1021,http://cdn.dota2.com/apps/dota2/images/dota_react/items/river_painter.png?t=1593393829403,River Vial: Chrome,0
river_painter2,1022,http://cdn.dota2.com/apps/dota2/images/dota_react/items/river_painter2.png?t=1593393829403,River Vial: Dry,0
river_painter3,1023,http://cdn.dota2.com/apps/dota2/images/dota_react/items/river_painter3.png?t=1593393829403,River Vial: Slime,0
river_painter4,1024,http://cdn.dota2.com/apps/dota2/images/dota_react/items/river_painter4.png?t=1593393829403,River Vial: Oil,0
river_painter5,1025,http://cdn.dota2.com/apps/dota2/images/dota_react/items/river_painter5.png?t=1593393829403,River Vial: Electrified,0
river_painter6,1026,http://cdn.dota2.com/apps/dota2/images/dota_react/items/river_painter6.png?t=1593393829403,River Vial: Potion,0
river_painter7,1027,http://cdn.dota2.com/apps/dota2/images/dota_react/items/river_painter7.png?t=1593393829403,River Vial: Blood,0
mutation_tombstone,1028,http://cdn.dota2.com/apps/dota2/images/dota_react/items/mutation_tombstone.png?t=1593393829403,Tombstone,0
super_blink,1029,http://cdn.dota2.com/apps/dota2/images/dota_react/items/super_blink.png?t=1593393829403,Super Blink Dagger,0
pocket_tower,1030,http://cdn.dota2.com/apps/dota2/images/dota_react/items/pocket_tower.png?t=1593393829403,Pocket Tower,0
pocket_roshan,1032,http://cdn.dota2.com/apps/dota2/images/dota_react/items/pocket_roshan.png?t=1593393829403,Pocket Roshan,1000
keen_optic,287,http://cdn.dota2.com/apps/dota2/images/dota_react/items/keen_optic.png?t=1593393829403,Keen Optic,0
grove_bow,288,http://cdn.dota2.com/apps/dota2/images/dota_react/items/grove_bow.png?t=1593393829403,Grove Bow,0
quickening_charm,289,http://cdn.dota2.com/apps/dota2/images/dota_react/items/quickening_charm.png?t=1593393829403,Quickening Charm,0
philosophers_stone,290,http://cdn.dota2.com/apps/dota2/images/dota_react/items/philosophers_stone.png?t=1593393829403,Philosopher's Stone,0
force_boots,291,http://cdn.dota2.com/apps/dota2/images/dota_react/items/force_boots.png?t=1593393829403,Force Boots,0
desolator_2,292,http://cdn.dota2.com/apps/dota2/images/dota_react/items/desolator_2.png?t=1593393829403,Stygian Desolator,0
phoenix_ash,293,http://cdn.dota2.com/apps/dota2/images/dota_react/items/phoenix_ash.png?t=1593393829403,Phoenix Ash,0
seer_stone,294,http://cdn.dota2.com/apps/dota2/images/dota_react/items/seer_stone.png?t=1593393829403,Seer Stone,0
greater_mango,295,http://cdn.dota2.com/apps/dota2/images/dota_react/items/greater_mango.png?t=1593393829403,Greater Mango,0
elixer,302,http://cdn.dota2.com/apps/dota2/images/dota_react/items/elixer.png?t=1593393829403,Elixir,0
vampire_fangs,297,http://cdn.dota2.com/apps/dota2/images/dota_react/items/vampire_fangs.png?t=1593393829403,Vampire Fangs,0
force_field,829,http://cdn.dota2.com/apps/dota2/images/dota_react/items/force_field.png?t=1593393829403,Arcanist's Armor,0
black_powder_bag,834,http://cdn.dota2.com/apps/dota2/images/dota_react/items/black_powder_bag.png?t=1593393829403,Blast Rig,0
mechanical_arm,849,http://cdn.dota2.com/apps/dota2/images/dota_react/items/mechanical_arm.png?t=1593393829403,Mechanical Arm,0
craggy_coat,298,http://cdn.dota2.com/apps/dota2/images/dota_react/items/craggy_coat.png?t=1593393829403,Craggy Coat,0
greater_faerie_fire,299,http://cdn.dota2.com/apps/dota2/images/dota_react/items/greater_faerie_fire.png?t=1593393829403,Greater Faerie Fire,0
timeless_relic,300,http://cdn.dota2.com/apps/dota2/images/dota_react/items/timeless_relic.png?t=1593393829403,Timeless Relic,0
mirror_shield,301,http://cdn.dota2.com/apps/dota2/images/dota_react/items/mirror_shield.png?t=1593393829403,Mirror Shield,0
recipe_ironwood_tree,303,http://cdn.dota2.com/apps/dota2/images/dota_react/items/recipe.png?t=1593393829403,Ironwood Tree Recipe,1
ironwood_tree,304,http://cdn.dota2.com/apps/dota2/images/dota_react/items/ironwood_tree.png?t=1593393829403,Ironwood Tree,0
mango_tree,328,http://cdn.dota2.com/apps/dota2/images/dota_react/items/mango_tree.png?t=1593393829403,Mango Tree,0
royal_jelly,305,http://cdn.dota2.com/apps/dota2/images/dota_react/items/royal_jelly.png?t=1593393829403,Royal Jelly,0
pupils_gift,306,http://cdn.dota2.com/apps/dota2/images/dota_react/items/pupils_gift.png?t=1593393829403,Pupil's Gift,0
tome_of_aghanim,307,http://cdn.dota2.com/apps/dota2/images/dota_react/items/tome_of_aghanim.png?t=1593393829403,Tome of Aghanim,0
repair_kit,308,http://cdn.dota2.com/apps/dota2/images/dota_react/items/repair_kit.png?t=1593393829403,Repair Kit,0
mind_breaker,309,http://cdn.dota2.com/apps/dota2/images/dota_react/items/mind_breaker.png?t=1593393829403,Mind Breaker,0
third_eye,310,http://cdn.dota2.com/apps/dota2/images/dota_react/items/third_eye.png?t=1593393829403,Third Eye,0
spell_prism,311,http://cdn.dota2.com/apps/dota2/images/dota_react/items/spell_prism.png?t=1593393829403,Spell Prism,0
princes_knife,325,http://cdn.dota2.com/apps/dota2/images/dota_react/items/princes_knife.png?t=1593393829403,Prince's Knife,0
witless_shako,330,http://cdn.dota2.com/apps/dota2/images/dota_react/items/witless_shako.png?t=1593393829403,Witless Shako,0
imp_claw,334,http://cdn.dota2.com/apps/dota2/images/dota_react/items/imp_claw.png?t=1593393829403,Imp Claw,0
flicker,335,http://cdn.dota2.com/apps/dota2/images/dota_react/items/flicker.png?t=1593393829403,Flicker,0
spy_gadget,336,http://cdn.dota2.com/apps/dota2/images/dota_react/items/spy_gadget.png?t=1593393829403,Telescope,0
spider_legs,326,http://cdn.dota2.com/apps/dota2/images/dota_react/items/spider_legs.png?t=1593393829403,Spider Legs,0
helm_of_the_undying,327,http://cdn.dota2.com/apps/dota2/images/dota_react/items/helm_of_the_undying.png?t=1593393829403,Helm of the Undying,0
vambrace,331,http://cdn.dota2.com/apps/dota2/images/dota_react/items/vambrace.png?t=1593393829403,Vambrace,0
horizon,312,http://cdn.dota2.com/apps/dota2/images/dota_react/items/horizon.png?t=1593393829403,Horizon,0
fusion_rune,313,http://cdn.dota2.com/apps/dota2/images/dota_react/items/fusion_rune.png?t=1593393829403,Fusion Rune,0
ocean_heart,354,http://cdn.dota2.com/apps/dota2/images/dota_react/items/ocean_heart.png?t=1593393829403,Ocean Heart,0
spark_of_courage,1124,http://cdn.dota2.com/apps/dota2/images/dota_react/items/spark_of_courage.png?t=1593393829403,Spark of Courage,0
broom_handle,355,http://cdn.dota2.com/apps/dota2/images/dota_react/items/broom_handle.png?t=1593393829403,Broom Handle,0
trusty_shovel,356,http://cdn.dota2.com/apps/dota2/images/dota_react/items/trusty_shovel.png?t=1593393829403,Trusty Shovel,0
nether_shawl,357,http://cdn.dota2.com/apps/dota2/images/dota_react/items/nether_shawl.png?t=1593393829403,Nether Shawl,0
dragon_scale,358,http://cdn.dota2.com/apps/dota2/images/dota_react/items/dragon_scale.png?t=1593393829403,Dragon Scale,0
essence_ring,359,http://cdn.dota2.com/apps/dota2/images/dota_react/items/essence_ring.png?t=1593393829403,Essence Ring,0
clumsy_net,360,http://cdn.dota2.com/apps/dota2/images/dota_react/items/clumsy_net.png?t=1593393829403,Clumsy Net,0
enchanted_quiver,361,http://cdn.dota2.com/apps/dota2/images/dota_react/items/enchanted_quiver.png?t=1593393829403,Enchanted Quiver,0
ninja_gear,362,http://cdn.dota2.com/apps/dota2/images/dota_react/items/ninja_gear.png?t=1593393829403,Ninja Gear,0
illusionsts_cape,363,http://cdn.dota2.com/apps/dota2/images/dota_react/items/illusionsts_cape.png?t=1593393829403,Illusionist's Cape,0
havoc_hammer,364,http://cdn.dota2.com/apps/dota2/images/dota_react/items/havoc_hammer.png?t=1593393829403,Havoc Hammer,0
panic_button,365,http://cdn.dota2.com/apps/dota2/images/dota_react/items/panic_button.png?t=1593393829403,Magic Lamp,0
apex,366,http://cdn.dota2.com/apps/dota2/images/dota_react/items/apex.png?t=1593393829403,Apex,0
ballista,367,http://cdn.dota2.com/apps/dota2/images/dota_react/items/ballista.png?t=1593393829403,Ballista,0
woodland_striders,368,http://cdn.dota2.com/apps/dota2/images/dota_react/items/woodland_striders.png?t=1593393829403,Woodland Striders,0
recipe_trident,275,http://cdn.dota2.com/apps/dota2/images/dota_react/items/recipe.png?t=1593393829403,Trident Recipe,1
demonicon,370,http://cdn.dota2.com/apps/dota2/images/dota_react/items/demonicon.png?t=1593393829403,Book of the Dead,0
fallen_sky,371,http://cdn.dota2.com/apps/dota2/images/dota_react/items/fallen_sky.png?t=1593393829403,Fallen Sky,0
pirate_hat,372,http://cdn.dota2.com/apps/dota2/images/dota_react/items/pirate_hat.png?t=1593393829403,Pirate Hat,0
dimensional_doorway,373,http://cdn.dota2.com/apps/dota2/images/dota_react/items/dimensional_doorway.png?t=1593393829403,Dimensional Doorway,0
ex_machina,374,http://cdn.dota2.com/apps/dota2/images/dota_react/items/ex_machina.png?t=1593393829403,Ex Machina,0
faded_broach,375,http://cdn.dota2.com/apps/dota2/images/dota_react/items/faded_broach.png?t=1593393829403,Faded Broach,0
paladin_sword,376,http://cdn.dota2.com/apps/dota2/images/dota_react/items/paladin_sword.png?t=1593393829403,Paladin Sword,0
minotaur_horn,377,http://cdn.dota2.com/apps/dota2/images/dota_react/items/minotaur_horn.png?t=1593393829403,Minotaur Horn,0
orb_of_destruction,378,http://cdn.dota2.com/apps/dota2/images/dota_react/items/orb_of_destruction.png?t=1593393829403,Orb of Destruction,0
the_leveller,379,http://cdn.dota2.com/apps/dota2/images/dota_react/items/the_leveller.png?t=1593393829403,The Leveller,0
arcane_ring,349,http://cdn.dota2.com/apps/dota2/images/dota_react/items/arcane_ring.png?t=1593393829403,Arcane Ring,0
titan_sliver,381,http://cdn.dota2.com/apps/dota2/images/dota_react/items/titan_sliver.png?t=1593393829403,Titan Sliver,0
chipped_vest,565,http://cdn.dota2.com/apps/dota2/images/dota_react/items/chipped_vest.png?t=1593393829403,Chipped Vest,0
wizard_glass,566,http://cdn.dota2.com/apps/dota2/images/dota_react/items/wizard_glass.png?t=1593393829403,Wizard Glass,0
gloves_of_travel,570,http://cdn.dota2.com/apps/dota2/images/dota_react/items/gloves_of_travel.png?t=1593393829403,Gloves of Travel,0
elven_tunic,573,http://cdn.dota2.com/apps/dota2/images/dota_react/items/elven_tunic.png?t=1593393829403,Elven Tunic,0
cloak_of_flames,574,http://cdn.dota2.com/apps/dota2/images/dota_react/items/cloak_of_flames.png?t=1593393829403,Cloak of Flames,0
venom_gland,575,http://cdn.dota2.com/apps/dota2/images/dota_react/items/venom_gland.png?t=1593393829403,Venom Gland,0
trickster_cloak,571,http://cdn.dota2.com/apps/dota2/images/dota_react/items/trickster_cloak.png?t=1593393829403,Trickster Cloak,0
gladiator_helm,576,http://cdn.dota2.com/apps/dota2/images/dota_react/items/gladiator_helm.png?t=1593393829403,Helm of the Gladiator,0
possessed_mask,577,http://cdn.dota2.com/apps/dota2/images/dota_react/items/possessed_mask.png?t=1593393829403,Possessed Mask,0
ancient_perseverance,578,http://cdn.dota2.com/apps/dota2/images/dota_react/items/ancient_perseverance.png?t=1593393829403,Ancient Perseverance,0
star_mace,637,http://cdn.dota2.com/apps/dota2/images/dota_react/items/star_mace.png?t=1593393829403,Star Mace,0
penta_edged_sword,638,http://cdn.dota2.com/apps/dota2/images/dota_react/items/penta_edged_sword.png?t=1593393829403,Penta-Edged Sword,0
oakheart,582,http://cdn.dota2.com/apps/dota2/images/dota_react/items/oakheart.png?t=1593393829403,Oakheart,0
warhammer,674,http://cdn.dota2.com/apps/dota2/images/dota_react/items/warhammer.png?t=1593393829403,Warhammer,0
bullwhip,680,http://cdn.dota2.com/apps/dota2/images/dota_react/items/bullwhip.png?t=1593393829403,Bullwhip,0
psychic_headband,675,http://cdn.dota2.com/apps/dota2/images/dota_react/items/psychic_headband.png?t=1593393829403,Psychic Headband,0
ceremonial_robe,676,http://cdn.dota2.com/apps/dota2/images/dota_react/items/ceremonial_robe.png?t=1593393829403,Ceremonial Robe,0
quicksilver_amulet,686,http://cdn.dota2.com/apps/dota2/images/dota_react/items/quicksilver_amulet.png?t=1593393829403,Quicksilver Amulet,0
book_of_shadows,677,http://cdn.dota2.com/apps/dota2/images/dota_react/items/book_of_shadows.png?t=1593393829403,Book of Shadows,0
giants_ring,678,http://cdn.dota2.com/apps/dota2/images/dota_react/items/giants_ring.png?t=1593393829403,Giant's Ring,0
vengeances_shadow,679,http://cdn.dota2.com/apps/dota2/images/dota_react/items/vengeances_shadow.png?t=1593393829403,Shadow of Vengeance,0
stormcrafter,585,http://cdn.dota2.com/apps/dota2/images/dota_react/items/stormcrafter.png?t=1593393829403,Stormcrafter,0
overflowing_elixir,588,http://cdn.dota2.com/apps/dota2/images/dota_react/items/overflowing_elixir.png?t=1593393829403,Overflowing Elixir,0
mysterious_hat,589,http://cdn.dota2.com/apps/dota2/images/dota_react/items/mysterious_hat.png?t=1593393829403,Fairy's Trinket,0
assassins_dagger,824,http://cdn.dota2.com/apps/dota2/images/dota_react/items/assassins_dagger.png?t=1593393829403,Assassin's Dagger,0
ascetic_cap,825,http://cdn.dota2.com/apps/dota2/images/dota_react/items/ascetic_cap.png?t=1593393829403,Ascetic's Cap,0
sample_picker,826,http://cdn.dota2.com/apps/dota2/images/dota_react/items/sample_picker.png?t=1593393829403,Assassin's Contract,0
icarus_wings,827,http://cdn.dota2.com/apps/dota2/images/dota_react/items/icarus_wings.png?t=1593393829403,Icarus Wings,0
misericorde,828,http://cdn.dota2.com/apps/dota2/images/dota_react/items/misericorde.png?t=1593393829403,Brigand's Blade,0
light_robes,836,http://cdn.dota2.com/apps/dota2/images/dota_react/items/light_robes.png?t=1593393829403,Light Robes,0
heavy_blade,837,http://cdn.dota2.com/apps/dota2/images/dota_react/items/heavy_blade.png?t=1593393829403,Witchbane,0
unstable_wand,838,http://cdn.dota2.com/apps/dota2/images/dota_react/items/unstable_wand.png?t=1593393829403,Pig Pole,0
fortitude_ring,839,http://cdn.dota2.com/apps/dota2/images/dota_react/items/fortitude_ring.png?t=1593393829403,Ring of Fortitude,0
pogo_stick,840,http://cdn.dota2.com/apps/dota2/images/dota_react/items/pogo_stick.png?t=1593393829403,Tumbler's Toy,0
paintball,835,http://cdn.dota2.com/apps/dota2/images/dota_react/items/paintball.png?t=1593393829403,Fae Grenade,0
seeds_of_serenity,945,http://cdn.dota2.com/apps/dota2/images/dota_react/items/seeds_of_serenity.png?t=1593393829403,Seeds of Serenity,0
lance_of_pursuit,946,http://cdn.dota2.com/apps/dota2/images/dota_react/items/lance_of_pursuit.png?t=1593393829403,Lance of Pursuit,0
occult_bracelet,947,http://cdn.dota2.com/apps/dota2/images/dota_react/items/occult_bracelet.png?t=1593393829403,Occult Bracelet,0
tome_of_omniscience,948,http://cdn.dota2.com/apps/dota2/images/dota_react/items/tome_of_omniscience.png?t=1593393829403,,0
ogre_seal_totem,949,http://cdn.dota2.com/apps/dota2/images/dota_react/items/ogre_seal_totem.png?t=1593393829403,Ogre Seal Totem,0
wand_of_the_brine,940,http://cdn.dota2.com/apps/dota2/images/dota_react/items/wand_of_the_brine.png?t=1593393829403,,0
slime_vial,938,http://cdn.dota2.com/apps/dota2/images/dota_react/items/slime_vial.png?t=1593393829403,,0
recipe_harpoon,1101,http://cdn.dota2.com/apps/dota2/images/dota_react/items/recipe.png?t=1593393829403,Harpoon Recipe,1000
harpoon,939,http://cdn.dota2.com/apps/dota2/images/dota_react/items/harpoon.png?t=1593393829403,Harpoon,4700
defiant_shell,950,http://cdn.dota2.com/apps/dota2/images/dota_react/items/defiant_shell.png?t=1593393829403,Defiant Shell,0
arcane_scout,968,http://cdn.dota2.com/apps/dota2/images/dota_react/items/arcane_scout.png?t=1593393829403,,0
barricade,969,http://cdn.dota2.com/apps/dota2/images/dota_react/items/barricade.png?t=1593393829403,,0
eye_of_the_vizier,990,http://cdn.dota2.com/apps/dota2/images/dota_react/items/eye_of_the_vizier.png?t=1593393829403,Eye of the Vizier,0
manacles_of_power,998,http://cdn.dota2.com/apps/dota2/images/dota_react/items/manacles_of_power.png?t=1593393829403,,0
bottomless_chalice,1000,http://cdn.dota2.com/apps/dota2/images/dota_react/items/bottomless_chalice.png?t=1593393829403,,0
wand_of_sanctitude,1017,http://cdn.dota2.com/apps/dota2/images/dota_react/items/wand_of_sanctitude.png?t=1593393829403,,0
specialists_array,1076,http://cdn.dota2.com/apps/dota2/images/dota_react/items/specialists_array.png?t=1593393829403,Specialist's Array,0
dagger_of_ristul,1077,http://cdn.dota2.com/apps/dota2/images/dota_react/items/dagger_of_ristul.png?t=1593393829403,Dagger of Ristul,0
ofrenda,4300,http://cdn.dota2.com/apps/dota2/images/dota_react/items/ofrenda.png?t=1593393829403,Beloved Memory,0
ofrenda_shovel,4301,http://cdn.dota2.com/apps/dota2/images/dota_react/items/ofrenda_shovel.png?t=1593393829403,Scrying Shovel,0
ofrenda_pledge,4302,http://cdn.dota2.com/apps/dota2/images/dota_react/items/ofrenda_pledge.png?t=1593393829403,Forebearer's Fortune,0
muertas_gun,1090,http://cdn.dota2.com/apps/dota2/images/dota_react/items/muertas_gun.png?t=1593393829403,Mercy & Grace,0
tier1_token,2091,http://cdn.dota2.com/apps/dota2/images/dota_react/items/tier1_token.png?t=1593393829403,Tier 1 Token,0
tier2_token,2092,http://cdn.dota2.com/apps/dota2/images/dota_react/items/tier2_token.png?t=1593393829403,Tier 2 Token,0
tier3_token,2093,http://cdn.dota2.com/apps/dota2/images/dota_react/items/tier3_token.png?t=1593393829403,Tier 3 Token,0
tier4_token,2094,http://cdn.dota2.com/apps/dota2/images/dota_react/items/tier4_token.png?t=1593393829403,Tier 4 Token,0
tier5_token,2095,http://cdn.dota2.com/apps/dota2/images/dota_react/items/tier5_token.png?t=1593393829403,Tier 5 Token,0
vindicators_axe,2096,http://cdn.dota2.com/apps/dota2/images/dota_react/items/vindicators_axe.png?t=1593393829403,Vindicator's Axe,0
duelist_gloves,2097,http://cdn.dota2.com/apps/dota2/images/dota_react/items/duelist_gloves.png?t=1593393829403,Duelist Gloves,0
ancient_guardian,1156,http://cdn.dota2.com/apps/dota2/images/dota_react/items/ancient_guardian.png?t=1593393829403,Ancient Guardian,0
safety_bubble,1157,http://cdn.dota2.com/apps/dota2/images/dota_react/items/safety_bubble.png?t=1593393829403,Safety Bubble,0
whisper_of_the_dread,1158,http://cdn.dota2.com/apps/dota2/images/dota_react/items/whisper_of_the_dread.png?t=1593393829403,Whisper of the Dread,0
nemesis_curse,1159,http://cdn.dota2.com/apps/dota2/images/dota_react/items/nemesis_curse.png?t=1593393829403,Nemesis Curse,0
avianas_feather,1160,http://cdn.dota2.com/apps/dota2/images/dota_react/items/avianas_feather.png?t=1593393829403,Aviana's Feather,0
unwavering_condition,1161,http://cdn.dota2.com/apps/dota2/images/dota_react/items/unwavering_condition.png?t=1593393829403,Unwavering Condition,0
horizons_equilibrium,2098,http://cdn.dota2.com/apps/dota2/images/dota_react/items/horizons_equilibrium.png?t=1593393829403,Horizon's Equilibrium,0
blighted_spirit,2099,http://cdn.dota2.com/apps/dota2/images/dota_react/items/blighted_spirit.png?t=1593393829403,Blighted Spirit,0
dandelion_amulet,2190,http://cdn.dota2.com/apps/dota2/images/dota_react/items/dandelion_amulet.png?t=1593393829403,Dandelion Amulet,0
turtle_shell,2191,http://cdn.dota2.com/apps/dota2/images/dota_react/items/turtle_shell.png?t=1593393829403,Turtle Shell,0
martyrs_plate,2192,http://cdn.dota2.com/apps/dota2/images/dota_react/items/martyrs_plate.png?t=1593393829403,Martyr's Plate,0
gossamer_cape,2193,http://cdn.dota2.com/apps/dota2/images/dota_react/items/gossamer_cape.png?t=1593393829403,Gossamer Cape,0
light_collector,1167,http://cdn.dota2.com/apps/dota2/images/dota_react/items/light_collector.png?t=1593393829403,Light Collector,0
rattlecage,1168,http://cdn.dota2.com/apps/dota2/images/dota_react/items/rattlecage.png?t=1593393829403,Rattlecage,0
doubloon,1803,http://cdn.dota2.com/apps/dota2/images/dota_react/items/doubloon.png?t=1593393829403,Doubloon,0
roshans_banner,1804,http://cdn.dota2.com/apps/dota2/images/dota_react/items/roshans_banner.png?t=1593393829403,Roshan's Banner,0
diffusal_blade_2,196,http://cdn.dota2.com/apps/dota2/images/dota_react/items/diffusal_blade_2.png?3,Diffusal Blade,3850
